instance_id,ss_type,subtype,gene,uniprot,organism,reachable_within_3,found_by_ssign,deeplocpro_status,deeplocpro_pct_identity,deeplocpro_identical_residue_pct,deeplocpro_matched_record,signalp6_status,signalp6_pct_identity,signalp6_identical_residue_pct,signalp6_matched_record,signalp6_complete_status,signalp6_complete_pct_identity,signalp6_complete_identical_residue_pct,signalp6_complete_matched_record,deepsece_train_status,deepsece_train_pct_identity,deepsece_train_identical_residue_pct,deepsece_train_matched_record,deepsece_holdout_status,deepsece_holdout_pct_identity,deepsece_holdout_identical_residue_pct,deepsece_holdout_matched_record,txsscan_profile_matches_protein,txsscan_profile,txsscan_system_in_profile_seed_set,txsscan_system_in_validation_set,n_predictors_trained_on_it,predictors_trained_on_it,in_deepsece_holdout_test,substrate_leakage,machinery_leakage
T1SS_02,T1SS,,aprA,Q03023,Pseudomonas aeruginosa (strain ATCC 15692 / DSM 22644 / CIP 104116 / JCM 14847 / LMG 12228 / 1C / PRS 101 / PAO1),yes,yes,IN_TRAINING,100.0,100.0,Q03023|Extracellular|negative,DISTANT_HOMOLOG,44.6,35.7,Q86U42|EUKARYA|NO_SP|0,DISTANT_HOMOLOG,44.6,35.7,Q86U42|EUKARYA|NO_SP,CLOSE_HOMOLOG,61.4,58.9,T1SE-96|T1SE|Q9KGS8|Pseudomonas brassicacearum|AprA,IN_TRAINING,100.0,100.0,T1SE-17|T1SE|Q03023|Pseudomonas aeruginosa|Serralysin,no,-,no,yes,1,deeplocpro,yes,direct,its_system_was_a_validation_case
T1SS_03,T1SS,,rsaA,P35828,Caulobacter vibrioides (strain ATCC 19089 / CIP 103742 / CB 15) (Caulobacter crescentus),yes,yes,CLOSE_HOMOLOG,50.0,50.0,P85974|Extracellular|negative,DISTANT_HOMOLOG,42.6,37.1,Q0K844|NEGATIVE|NO_SP|0,DISTANT_HOMOLOG,44.8,37.1,P70581|EUKARYA|NO_SP,IN_TRAINING,100.0,100.0,T1SE-22|T1SE|P35828|Caulobacter vibrioides|Caulobacter crescentus|S-layer protein,DISTANT_HOMOLOG,38.1,32.0,T1SE-15|T1SE|P62530|Escherichia coli|Microcin H47,no,-,yes,no,1,deepsece_train,no,direct,its_system_seeded_the_profiles
T1SS_04,T1SS,,cya,P0DKX7,Bordetella pertussis Tohama I,yes,yes,IN_TRAINING,100.0,100.0,J7QLC0|Extracellular|negative,DISTANT_HOMOLOG,44.4,40.0,Q94AH9|EUKARYA|NO_SP|0,DISTANT_HOMOLOG,44.4,40.0,Q94AH9|EUKARYA|NO_SP,DISTANT_HOMOLOG,44.4,37.9,T1SE-29|T1SE|Q7ANQ3|Rhizobium meliloti|Putative Ca2+-binding protein WgeA,IN_TRAINING,100.0,100.0,T1SE-5|T1SE|J7QLC0|Bordetella pertussis|Bifunctional hemolysin/adenylate cyclase,no,-,yes,yes,1,deeplocpro,yes,direct,its_system_seeded_the_profiles
T1SS_06,T1SS,,prtA,Q7N8R3,Photorhabdus laumondii subsp. laumondii TT01,yes,yes,CLOSE_HOMOLOG,87.7,87.5,P82115|Extracellular|negative,DISTANT_HOMOLOG,40.4,32.9,Q02199|EUKARYA|NO_SP|0,DISTANT_HOMOLOG,40.4,32.9,Q02199|EUKARYA|NO_SP,DISTANT_HOMOLOG,51.2,48.1,T1SE-96|T1SE|Q9KGS8|Pseudomonas brassicacearum|AprA,CLOSE_HOMOLOG,87.7,87.5,T1SE-16|T1SE|P82115|Photorhabdus sp.|Serralysin,no,-,no,no,0,-,no,homolog_only,none
T1SS_07,T1SS,,aprA,Q1ID47,Pseudomonas entomophila (strain L48),yes,yes,IN_TRAINING,100.0,100.0,Q1ID47|Extracellular|negative,DISTANT_HOMOLOG,35.0,30.0,P34689|EUKARYA|NO_SP|0,DISTANT_HOMOLOG,40.3,35.7,Q9KK89|POSITIVE|LIPO,CLOSE_HOMOLOG,70.9,69.7,T1SE-96|T1SE|Q9KGS8|Pseudomonas brassicacearum|AprA,CLOSE_HOMOLOG,67.3,65.8,T1SE-17|T1SE|Q03023|Pseudomonas aeruginosa|Serralysin,no,-,no,no,1,deeplocpro,no,direct,none
T1SS_R01,T1SS,,Serralysin,P23694,Serratia marcescens,no,no,IN_TRAINING,100.0,100.0,P23694|Extracellular|negative,DISTANT_HOMOLOG,38.5,35.7,Q9UTK4|EUKARYA|NO_SP|0,DISTANT_HOMOLOG,38.5,35.7,Q9UTK4|EUKARYA|NO_SP,CLOSE_HOMOLOG,57.3,53.4,T1SE-96|T1SE|Q9KGS8|Pseudomonas brassicacearum|AprA,NEAR_IDENTICAL_HOMOLOG,98.6,98.6,T1SE-2|T1SE|P07268|Serratia marcescens|Serralysin,no,-,yes,yes,1,deeplocpro,no,direct,its_system_seeded_the_profiles
T1SS_R02,T1SS,,apxIA,P55128,Actinobacillus pleuropneumoniae (Haemophilus pleuropneumoniae),yes,yes,IN_TRAINING,100.0,100.0,P55128|Extracellular|negative,DISTANT_HOMOLOG,42.9,36.6,P0ADB6|NEGATIVE|LIPO|2,DISTANT_HOMOLOG,42.9,36.6,P0ADB6|NEGATIVE|LIPO,CLOSE_HOMOLOG,52.4,50.4,T1SE-101|T1SE|P16462|Aggregatibacter actinomycetemcomitans|Actinobacillus actinomycetemcomitan|Leukotoxin,IN_TRAINING,100.0,100.0,T1SE-13|T1SE|P55128|Actinobacillus pleuropneumoniae|RTX-I toxin determinant A from serotypes 1/9,no,-,no,no,1,deeplocpro,yes,direct,none
T1SS_R03,T1SS,,apxIIA,P15377,Actinobacillus pleuropneumoniae (Haemophilus pleuropneumoniae),no,no,IN_TRAINING,100.0,100.0,P15377|Extracellular|negative,DISTANT_HOMOLOG,44.1,37.1,O94246|EUKARYA|NO_SP|1,DISTANT_HOMOLOG,44.1,37.1,O94246|EUKARYA|NO_SP,CLOSE_HOMOLOG,54.6,52.5,T1SE-110|T1SE|Q8KWZ9|Actinobacillus equuli|AqxA,IN_TRAINING,100.0,100.0,T1SE-6|T1SE|P15377|Actinobacillus pleuropneumoniae|RTX-II toxin determinant A,no,-,no,no,1,deeplocpro,yes,direct,none
T1SS_R04,T1SS,,apxIIIA,P55131,Actinobacillus pleuropneumoniae (Haemophilus pleuropneumoniae),yes,yes,IN_TRAINING,100.0,100.0,P55131|Extracellular|negative,DISTANT_HOMOLOG,47.4,38.6,P34217|EUKARYA|NO_SP|1,DISTANT_HOMOLOG,42.9,38.6,D0PV95|EUKARYA|NO_SP,DISTANT_HOMOLOG,51.4,49.2,T1SE-110|T1SE|Q8KWZ9|Actinobacillus equuli|AqxA,NEAR_IDENTICAL_HOMOLOG,96.5,96.5,T1SE-14|T1SE|P55130|Actinobacillus pleuropneumoniae|RTX-III toxin determinant A from serotype 2,no,-,no,no,1,deeplocpro,no,direct,none
T1SS_R05,T1SS,,hasA,Q54450,Serratia marcescens,yes,yes,IN_TRAINING,100.0,100.0,Q54450|Extracellular|negative,DISTANT_HOMOLOG,39.1,35.7,P39447|EUKARYA|NO_SP|1,DISTANT_HOMOLOG,39.1,35.7,P39447|EUKARYA|NO_SP,IN_TRAINING,100.0,100.0,T1SE-1|T1SE|Q54450|Serratia marcescens|Hemophore HasA,NO_MEANINGFUL_MATCH,28.8,20.2,T1SE-17|T1SE|Q03023|Pseudomonas aeruginosa|Serralysin,no,-,yes,yes,2,deeplocpro;deepsece_train,no,direct,its_system_seeded_the_profiles
T1SS_R06,T1SS,,hlyA,P08715,Escherichia coli,yes,yes,IN_TRAINING,100.0,100.0,P08715|Extracellular|negative,DISTANT_HOMOLOG,41.0,33.3,P0ADB7|NEGATIVE|LIPO|2,DISTANT_HOMOLOG,41.0,33.3,P0ADB7|NEGATIVE|LIPO,CLOSE_HOMOLOG,53.0,51.3,T1SE-101|T1SE|P16462|Aggregatibacter actinomycetemcomitans|Actinobacillus actinomycetemcomitan|Leukotoxin,IN_TRAINING,100.0,100.0,"T1SE-3|T1SE|P08715|Escherichia coli|Hemolysin, plasmid",no,-,yes,yes,1,deeplocpro,yes,direct,its_system_seeded_the_profiles
T1SS_R07,T1SS,,lktA,P0C082,Mannheimia haemolytica (Pasteurella haemolytica),yes,yes,CLOSE_HOMOLOG,88.1,88.1,P16535|Extracellular|negative,DISTANT_HOMOLOG,43.3,37.1,Q946J8|EUKARYA|NO_SP|0,DISTANT_HOMOLOG,43.3,37.1,Q946J8|EUKARYA|NO_SP,CLOSE_HOMOLOG,54.5,52.3,T1SE-110|T1SE|Q8KWZ9|Actinobacillus equuli|AqxA,CLOSE_HOMOLOG,65.0,64.3,T1SE-6|T1SE|P15377|Actinobacillus pleuropneumoniae|RTX-II toxin determinant A,no,-,no,no,0,-,no,homolog_only,none
T1SS_R10,T1SS,,ltxA,P16462,Aggregatibacter actinomycetemcomitans (Actinobacillus actinomycetemcomitans) (Haemophilus actinomycetemcomitans),yes,yes,IN_TRAINING,100.0,100.0,P16462|OuterMembrane|negative,DISTANT_HOMOLOG,38.7,34.3,Q9UTK4|EUKARYA|NO_SP|0,DISTANT_HOMOLOG,40.0,37.1,O23647|EUKARYA|NO_SP,IN_TRAINING,100.0,100.0,T1SE-101|T1SE|P16462|Aggregatibacter actinomycetemcomitans|Actinobacillus actinomycetemcomitan|Leukotoxin,CLOSE_HOMOLOG,53.0,51.3,"T1SE-3|T1SE|P08715|Escherichia coli|Hemolysin, plasmid",no,-,no,no,2,deeplocpro;deepsece_train,no,direct,none
T1SS_R11,T1SS,,prtA,Q07295,Dickeya chrysanthemi (Pectobacterium chrysanthemi) (Erwinia chrysanthemi),yes,yes,IN_TRAINING,100.0,100.0,Q07295|Extracellular|negative,DISTANT_HOMOLOG,46.0,32.9,Q9H2U1|EUKARYA|NO_SP|0,DISTANT_HOMOLOG,41.1,32.9,Q8K557|EUKARYA|NO_SP,CLOSE_HOMOLOG,56.5,54.7,T1SE-96|T1SE|Q9KGS8|Pseudomonas brassicacearum|AprA,CLOSE_HOMOLOG,67.7,64.8,T1SE-8|T1SE|P16316|Dickeya chrysanthemi|Erwinia chrysanthemi|Serralysin B,no,-,yes,no,1,deeplocpro,no,direct,its_system_seeded_the_profiles
T1SS_R12,T1SS,,prtA1,Q84F70,Photorhabdus luminescens (Xenorhabdus luminescens),yes,yes,CLOSE_HOMOLOG,87.4,87.4,P82115|Extracellular|negative,DISTANT_HOMOLOG,40.6,37.1,Q9NYA4|EUKARYA|NO_SP|1,DISTANT_HOMOLOG,40.6,37.1,Q9NYA4|EUKARYA|NO_SP,DISTANT_HOMOLOG,51.9,48.1,T1SE-96|T1SE|Q9KGS8|Pseudomonas brassicacearum|AprA,CLOSE_HOMOLOG,87.4,87.4,T1SE-16|T1SE|P82115|Photorhabdus sp.|Serralysin,no,-,no,no,0,-,no,homolog_only,none
T1SS_R13,T1SS,,prtB,P16316,Dickeya chrysanthemi (Pectobacterium chrysanthemi) (Erwinia chrysanthemi),yes,yes,IN_TRAINING,100.0,100.0,P16316|Extracellular|negative,DISTANT_HOMOLOG,39.7,32.9,D4GQN4|ARCHAEA|NO_SP|2,DISTANT_HOMOLOG,39.7,32.9,D4GQN4|ARCHAEA|NO_SP,DISTANT_HOMOLOG,52.3,49.7,T1SE-96|T1SE|Q9KGS8|Pseudomonas brassicacearum|AprA,IN_TRAINING,100.0,100.0,T1SE-8|T1SE|P16316|Dickeya chrysanthemi|Erwinia chrysanthemi|Serralysin B,no,-,yes,no,1,deeplocpro,yes,direct,its_system_seeded_the_profiles
T1SS_R14,T1SS,,prtC,P16317,Dickeya chrysanthemi (Pectobacterium chrysanthemi) (Erwinia chrysanthemi),yes,yes,IN_TRAINING,100.0,100.0,P16317|Extracellular|negative,DISTANT_HOMOLOG,33.8,32.9,Q6P069|EUKARYA|NO_SP|0,DISTANT_HOMOLOG,35.3,34.3,P05044|EUKARYA|NO_SP,CLOSE_HOMOLOG,54.6,53.4,T1SE-96|T1SE|Q9KGS8|Pseudomonas brassicacearum|AprA,CLOSE_HOMOLOG,76.4,76.4,T1SE-8|T1SE|P16316|Dickeya chrysanthemi|Erwinia chrysanthemi|Serralysin B,no,-,yes,no,1,deeplocpro,no,direct,its_system_seeded_the_profiles
T1SS_R15,T1SS,,rtxA,A1YKW7,Kingella kingae,yes,yes,IN_TRAINING,100.0,100.0,A1YKW7|Extracellular|negative,DISTANT_HOMOLOG,41.4,34.3,O94414|EUKARYA|NO_SP|1,DISTANT_HOMOLOG,41.4,34.3,O94414|EUKARYA|NO_SP,CLOSE_HOMOLOG,72.1,71.4,T1SE-109|T1SE|Q93GI2|Moraxella bovis|Cytotoxin,DISTANT_HOMOLOG,51.2,49.8,T1SE-6|T1SE|P15377|Actinobacillus pleuropneumoniae|RTX-II toxin determinant A,no,-,no,no,1,deeplocpro,no,direct,none
T2SS_01,T2SS,,lipoprotein,Q9KPR8,Vibrio cholerae N16961,no,no,DISTANT_HOMOLOG,42.9,37.5,P84703|Extracellular|negative,DISTANT_HOMOLOG,32.8,31.4,Q9UTD7|EUKARYA|NO_SP|2,DISTANT_HOMOLOG,37.9,31.4,P09461|NEGATIVE|LIPO,IN_TRAINING,100.0,100.0,T2SE-63|T2SE|AAF95442.1|Vibrio cholerae|lipoprotein putative,NO_MEANINGFUL_MATCH,25.0,18.9,T4SE-15|T4SE|YP_002304279.1|Coxiella burnetii|hypothetical protein CbuG_1886,no,-,no,yes,1,deepsece_train,no,direct,its_system_was_a_validation_case
T2SS_02,T2SS,,tagA-related,Q9KN18,Vibrio cholerae N16961,no,no,CLOSE_HOMOLOG,55.6,55.6,P86897|Cytoplasmic|positive,NO_MEANINGFUL_MATCH,42.6,28.6,Q12369|EUKARYA|NO_SP|2,DISTANT_HOMOLOG,38.7,34.3,P33682|POSITIVE|SP,IN_TRAINING,100.0,100.0,T2SE-56|T2SE|AAF96061.1|Vibrio cholerae|TagA-related protein,NO_MEANINGFUL_MATCH,27.3,18.0,Non-effector-22|Non-effector|-|-|-,no,-,no,yes,1,deepsece_train,no,direct,its_system_was_a_validation_case
T2SS_03,T2SS,,lapA,P35482,Pseudomonas aeruginosa PAO1,yes,yes,IN_TRAINING,100.0,100.0,P35482|Extracellular|negative,DISTANT_HOMOLOG,37.7,37.1,P0A915|NEGATIVE|SP|2,IN_TRAINING,100.0,100.0,P35482|NEGATIVE|SP,CLOSE_HOMOLOG,67.7,67.7,T2SE-10|T2SE|NP_249380.1|Pseudomonas aeruginosa|hypothetical protein PA0689,NO_MEANINGFUL_MATCH,28.0,22.0,T1SE-11|T1SE|P35827|Campylobacter fetus|S-layer protein,no,-,yes,yes,1,deeplocpro,no,direct,its_system_seeded_the_profiles
T2SS_04,T2SS,,paAP,Q9HZQ8,Pseudomonas aeruginosa PAO1,no,no,IN_TRAINING,100.0,100.0,Q9HZQ8|Extracellular|negative,IN_TRAINING,100.0,100.0,Q9HZQ8|NEGATIVE|SP|1,IN_TRAINING,100.0,100.0,Q9HZQ8|NEGATIVE|SP,IN_TRAINING,100.0,100.0,T2SE-3|T2SE|NP_251629.1|Pseudomonas aeruginosa|aminopeptidase,NO_MEANINGFUL_MATCH,36.0,24.0,T1SE-15|T1SE|P62530|Escherichia coli|Microcin H47,no,-,yes,yes,3,deeplocpro;signalp6;deepsece_train,no,direct,its_system_seeded_the_profiles
T2SS_05,T2SS,,plaA,Q5ZT22,Legionella pneumophila Philadelphia-1,no,no,NEAR_IDENTICAL_HOMOLOG,98.7,98.7,Q5WUA4|Extracellular|negative,DISTANT_HOMOLOG,37.1,32.9,P0A902|NEGATIVE|LIPO|2,DISTANT_HOMOLOG,43.3,37.1,Q6B6R8|NEGATIVE|SP,NEAR_IDENTICAL_HOMOLOG,99.0,99.0,T2SE-21|T2SE|AAN63820.1|Legionella pneumophila|lysophospholipase A,NO_MEANINGFUL_MATCH,29.4,22.2,T1SE-20|T1SE|Q46971|Escherichia coli|Microcin-24|colicin 24,no,-,no,yes,0,-,no,homolog_only,its_system_was_a_validation_case
T2SS_09,T2SS,,aerA,P09167,Aeromonas hydrophila ATCC 7966,no,no,IN_TRAINING,100.0,100.0,P09167|Extracellular|negative,DISTANT_HOMOLOG,43.6,34.3,Q61574|EUKARYA|NO_SP|1,DISTANT_HOMOLOG,43.6,34.3,Q61574|EUKARYA|NO_SP,IN_TRAINING,100.0,100.0,T2SE-41|T2SE|P09167.2|Aeromonas hydrophila|Aerolysin,NO_MEANINGFUL_MATCH,28.6,17.8,T1SE-20|T1SE|Q46971|Escherichia coli|Microcin-24|colicin 24,no,-,no,no,2,deeplocpro;deepsece_train,no,direct,none
T2SS_13,T2SS,,stmPr1,Q93IQ4,Stenotrophomonas maltophilia K279a,no,no,CLOSE_HOMOLOG,71.4,62.5,P84703|Extracellular|negative,DISTANT_HOMOLOG,46.3,35.7,P07211|NEGATIVE|LIPO|1,DISTANT_HOMOLOG,46.3,35.7,P07211|NEGATIVE|LIPO,NO_MEANINGFUL_MATCH,32.3,27.4,Non-effector-882|Non-effector|-|-|-,NO_MEANINGFUL_MATCH,37.9,29.3,T1SE-15|T1SE|P62530|Escherichia coli|Microcin H47,no,-,no,yes,0,-,no,homolog_only,its_system_was_a_validation_case
T2SS_15,T2SS,,pelI,E0SM75,Dickeya dadantii 3937,no,no,DISTANT_HOMOLOG,50.0,44.4,P83222|Extracellular|positive,DISTANT_HOMOLOG,34.4,31.4,P32909|EUKARYA|NO_SP|1,DISTANT_HOMOLOG,34.4,31.4,P32909|EUKARYA|NO_SP,NO_MEANINGFUL_MATCH,27.5,24.7,T3SE-51|T3SE|C4PL72|Bradyrhizobium elkanii|NopA protein,NO_MEANINGFUL_MATCH,30.4,24.6,Non-effector-72|Non-effector|-|-|-,no,-,no,yes,0,-,no,none,its_system_was_a_validation_case
T3SS_01,T3SS,,CopN,O84091,Chlamydia trachomatis D/UW-3/CX,yes,yes,CLOSE_HOMOLOG,60.0,54.5,C0HL60|Extracellular|positive,DISTANT_HOMOLOG,35.8,34.3,Q22866|EUKARYA|NO_SP|1,DISTANT_HOMOLOG,35.8,34.3,Q22866|EUKARYA|NO_SP,NEAR_IDENTICAL_HOMOLOG,98.3,98.3,T3SE-369|T3SE|CAP03784.1|Chlamydia trachomatis|low calcium response protein E (TTSS effector protein),NO_MEANINGFUL_MATCH,33.3,27.3,Non-effector-138|Non-effector|-|-|-,no,-,no,no,0,-,no,homolog_only,none
T3SS_03,T3SS,,EspZ,Q7DB68,Escherichia coli O157:H7 Sakai,yes,yes,DISTANT_HOMOLOG,55.6,45.5,C0HL60|Extracellular|positive,DISTANT_HOMOLOG,37.9,35.7,Q2KN98|EUKARYA|NO_SP|0,DISTANT_HOMOLOG,37.9,35.7,Q2KN98|EUKARYA|NO_SP,CLOSE_HOMOLOG,67.7,67.7,T3SE-57|T3SE|K4XZX3|Escherichia coli|T3SS effector EspZ,NO_MEANINGFUL_MATCH,32.1,26.3,Non-effector-69|Non-effector|-|-|-,no,-,no,no,0,-,no,homolog_only,none
T3SS_04,T3SS,,EspJ,Q8XB62,Escherichia coli O157:H7 Sakai,no,no,DISTANT_HOMOLOG,60.0,42.9,P80442|OuterMembrane|negative,DISTANT_HOMOLOG,36.5,32.9,Q94AU7|EUKARYA|NO_SP|1,DISTANT_HOMOLOG,36.5,32.9,Q94AU7|EUKARYA|NO_SP,CLOSE_HOMOLOG,79.3,79.3,T3SE-24|T3SE|A9ZNF2|Escherichia coli|Non-LEE-encoded effector EspJ,NO_MEANINGFUL_MATCH,29.1,22.5,Non-effector-98|Non-effector|-|-|-,no,-,no,no,0,-,no,homolog_only,none
T3SS_05,T3SS,,NleC,Q8X834,Escherichia coli O157:H7 Sakai,no,no,DISTANT_HOMOLOG,50.0,37.5,P84703|Extracellular|negative,NO_MEANINGFUL_MATCH,40.8,28.6,O82380|EUKARYA|NO_SP|2,NO_MEANINGFUL_MATCH,40.8,28.6,O82380|EUKARYA|NO_SP,NEAR_IDENTICAL_HOMOLOG,99.7,99.7,T3SE-41|T3SE|B7UNX4|Escherichia coli|T3SS secreted effector NleC homolog,NO_MEANINGFUL_MATCH,28.5,19.3,T4SE-29|T4SE|637163436|Coxiella burnetii|hypothetical protein CBU_1776,no,-,no,no,0,-,no,homolog_only,none
T3SS_06,T3SS,,NleG,Q8XAN6,Escherichia coli O157:H7 Sakai,no,no,DISTANT_HOMOLOG,43.0,39.3,Q9ZNE8|Cytoplasmic|negative,DISTANT_HOMOLOG,35.6,30.0,Q8K3D3|EUKARYA|NO_SP|2,DISTANT_HOMOLOG,35.6,30.0,Q8K3D3|EUKARYA|NO_SP,DISTANT_HOMOLOG,31.7,31.2,T3SE-40|T3SE|B7UNX2|Escherichia coli|T3SS secreted effector NleI/NleG homolog,NO_MEANINGFUL_MATCH,27.0,20.0,T3SE-2|T3SE|NP_250881.1|Pseudomonas aeruginosa|adenylate cyclase,no,-,no,no,0,-,no,none,none
T3SS_07,T3SS,,EspL2,A0A0H3JP21,Escherichia coli O157:H7 Sakai,no,no,CLOSE_HOMOLOG,83.3,50.0,P86977|Extracellular|positive,DISTANT_HOMOLOG,38.5,35.7,Q9USR2|EUKARYA|NO_SP|2,DISTANT_HOMOLOG,38.5,35.7,Q9USR2|EUKARYA|NO_SP,NEAR_IDENTICAL_HOMOLOG,99.3,99.3,T3SE-34|T3SE|B7UI20|Escherichia coli|T3SS secreted effector EspL homolog,NO_MEANINGFUL_MATCH,35.6,20.6,Non-effector-79|Non-effector|-|-|-,no,-,no,no,0,-,no,homolog_only,none
T3SS_08,T3SS,,YopJ_YopP,Q9RI13,Yersinia pestis CO92,no,no,NEAR_IDENTICAL_HOMOLOG,99.7,99.7,P0DUD0|Extracellular|negative,DISTANT_HOMOLOG,41.8,32.9,P48412|EUKARYA|NO_SP|1,DISTANT_HOMOLOG,41.8,32.9,P48412|EUKARYA|NO_SP,NEAR_IDENTICAL_HOMOLOG,99.7,99.7,T3SE-180|T3SE|P31498|Yersinia pseudotuberculosis|Effector protein YopJ,NO_MEANINGFUL_MATCH,27.0,24.0,T3SE-29|T3SE|Q9F0I6|Xanthomonas euvesicatoria|Avirulence protein,no,-,no,no,0,-,no,homolog_only,none
T3SS_09,T3SS,,SipA,P0CL52,Salmonella enterica Typhimurium LT2,no,no,IN_TRAINING,100.0,100.0,E1WAC6|Extracellular|negative,DISTANT_HOMOLOG,57.7,37.5,A0SPI0|EUKARYA|SP|1,DISTANT_HOMOLOG,57.7,37.5,A0SPI0|EUKARYA|SP,IN_TRAINING,100.0,100.0,T3SE-100|T3SE|E1WAC6|Salmonella typhimurium|Cell invasion protein sipA,NO_MEANINGFUL_MATCH,35.3,18.2,Non-effector-138|Non-effector|-|-|-,no,-,no,no,2,deeplocpro;deepsece_train,no,direct,none
T3SS_11,T3SS,,PipA,Q8ZQ60,Salmonella enterica Typhimurium LT2,no,no,CLOSE_HOMOLOG,57.1,50.0,P84703|Extracellular|negative,DISTANT_HOMOLOG,34.9,31.4,P34470|EUKARYA|NO_SP|1,DISTANT_HOMOLOG,34.9,31.4,P34470|EUKARYA|NO_SP,CLOSE_HOMOLOG,73.2,67.7,T3SE-317|T3SE|Q8ZMY7|Salmonella typhimurium|Gifsy-1 prophage protein,NO_MEANINGFUL_MATCH,28.0,19.5,T3SE-19|T3SE|A0A0A3Z070|Bradyrhizobium japonicum|Uncharacterized protein,no,-,no,no,0,-,no,homolog_only,none
T3SS_17,T3SS,,VopS,Q87P32,Vibrio parahaemolyticus RIMD 2210633,no,no,IN_TRAINING,100.0,100.0,Q87P32|Extracellular|negative,DISTANT_HOMOLOG,41.9,31.7,P0ADB6|NEGATIVE|LIPO|2,DISTANT_HOMOLOG,41.8,32.9,Q9JJ50|EUKARYA|NO_SP,IN_TRAINING,100.0,100.0,T3SE-278|T3SE|Q87P32|Vibrio parahaemolyticus|Adenosine monophosphate-protein transferase VopS,NO_MEANINGFUL_MATCH,28.9,18.6,Non-effector-110|Non-effector|-|-|-,no,-,no,no,2,deeplocpro;deepsece_train,no,direct,none
T3SS_20,T3SS,,VirA,Q7BU69,Shigella flexneri 2a 301,no,yes,IN_TRAINING,100.0,100.0,Q7BU69|Extracellular|negative,DISTANT_HOMOLOG,37.5,34.3,P78968|EUKARYA|NO_SP|2,DISTANT_HOMOLOG,37.5,34.3,P78968|EUKARYA|NO_SP,NEAR_IDENTICAL_HOMOLOG,99.0,99.0,T3SE-210|T3SE|Q326N4|Shigella dysenteriae|Cysteine protease-like VirA,NO_MEANINGFUL_MATCH,26.9,24.6,Non-effector-72|Non-effector|-|-|-,no,-,no,no,1,deeplocpro,no,direct,none
T3SS_21,T3SS,,BipC,Q63K35,Burkholderia pseudomallei K96243,yes,yes,DISTANT_HOMOLOG,75.0,37.5,P84703|Extracellular|negative,DISTANT_HOMOLOG,49.1,37.1,P97275|EUKARYA|NO_SP|0,DISTANT_HOMOLOG,49.1,37.1,P97275|EUKARYA|NO_SP,IN_TRAINING,100.0,100.0,T3SE-14|T3SE|A2S1Q1|Burkholderia mallei|Effector protein BipC,NO_MEANINGFUL_MATCH,28.6,22.0,Non-effector-102|Non-effector|-|-|-,no,-,no,no,1,deepsece_train,no,direct,none
T3SS_24,T3SS,,EspH,B7UMA2,Escherichia coli O127:H6 E2348/69 (EPEC),yes,yes,DISTANT_HOMOLOG,71.4,41.7,P84709|Extracellular|positive,DISTANT_HOMOLOG,51.2,30.0,O74363|EUKARYA|NO_SP|1,NO_MEANINGFUL_MATCH,31.7,28.6,Q9UHL0|EUKARYA|NO_SP,CLOSE_HOMOLOG,78.6,78.6,T3SE-77|T3SE|D2TKF1|Citrobacter rodentium|T3SS effector protein EspH,NO_MEANINGFUL_MATCH,26.4,22.0,Non-effector-73|Non-effector|-|-|-,no,-,no,no,0,-,no,homolog_only,none
T3SS_25,T3SS,,NleD,B7UNX6,Escherichia coli O127:H6 (strain E2348/69 / EPEC),no,no,DISTANT_HOMOLOG,80.0,44.4,P84711|Extracellular|positive,DISTANT_HOMOLOG,33.3,31.4,Q02455|EUKARYA|NO_SP|1,DISTANT_HOMOLOG,33.3,31.4,Q02455|EUKARYA|NO_SP,CLOSE_HOMOLOG,78.0,78.0,T3SE-81|T3SE|D2TML3|Citrobacter rodentium|T3SS effector protein NleD,NO_MEANINGFUL_MATCH,32.7,23.5,T3SE-20|T3SE|A0A1X7QEZ5|Xanthomonas campestris|Type III secretion system effector protein,no,-,no,no,0,-,no,homolog_only,none
T3SS_26,T3SS,,NleE,B7UI22,Escherichia coli O127:H6 (strain E2348/69 / EPEC),no,no,IN_TRAINING,100.0,100.0,B7UI22|Extracellular|negative,DISTANT_HOMOLOG,35.0,30.4,Q12287|EUKARYA|NO_SP|1,DISTANT_HOMOLOG,35.0,30.4,Q12287|EUKARYA|NO_SP,CLOSE_HOMOLOG,85.7,85.7,T3SE-84|T3SE|D2TT38|Citrobacter rodentium|T3SS effector protein NleE,NO_MEANINGFUL_MATCH,30.2,24.2,Non-effector-138|Non-effector|-|-|-,no,-,no,no,1,deeplocpro,no,direct,none
T3SS_27,T3SS,,NleF,B7UR63,Escherichia coli O127:H6 (strain E2348/69 / EPEC),no,no,IN_TRAINING,100.0,100.0,Q8XAL7|Extracellular|negative,DISTANT_HOMOLOG,37.5,30.0,Q08562|EUKARYA|NO_SP|2,DISTANT_HOMOLOG,37.5,30.0,Q08562|EUKARYA|NO_SP,CLOSE_HOMOLOG,85.2,85.2,T3SE-83|T3SE|D2TRX8|Citrobacter rodentium|T3SS effector protein NleF,NO_MEANINGFUL_MATCH,35.3,19.0,Non-effector-54|Non-effector|-|-|-,no,-,no,no,1,deeplocpro,no,direct,none
T3SS_29,T3SS,,NleA_EspI,D2TJZ4,Citrobacter rodentium (strain ICC168),no,no,CLOSE_HOMOLOG,71.4,62.5,P84703|Extracellular|negative,DISTANT_HOMOLOG,41.5,31.4,Q01959|EUKARYA|NO_SP|1,DISTANT_HOMOLOG,37.3,31.4,Q8IVL8|EUKARYA|SP,CLOSE_HOMOLOG,85.7,84.9,T3SE-9|T3SE|A1KWP8|Escherichia coli|NleA6-2 protein,NO_MEANINGFUL_MATCH,40.0,21.2,Non-effector-138|Non-effector|-|-|-,no,-,no,no,0,-,no,homolog_only,none
T3SS_31,T3SS,,NleB,D2TT37,Citrobacter rodentium (strain ICC168),no,no,IN_TRAINING,100.0,100.0,A0A482PDI9|Extracellular|negative,DISTANT_HOMOLOG,38.2,30.0,Q9DA19|EUKARYA|NO_SP|2,DISTANT_HOMOLOG,38.2,30.0,Q9DA19|EUKARYA|NO_SP,CLOSE_HOMOLOG,88.8,88.8,T3SE-35|T3SE|B7UI21|Escherichia coli|T3SS secreted effector NleB homolog,NO_MEANINGFUL_MATCH,31.7,24.8,Non-effector-110|Non-effector|-|-|-,no,-,no,no,1,deeplocpro,no,direct,none
T3SS_32,T3SS,,EspJ,D2TRY1,Citrobacter rodentium (strain ICC168),no,no,DISTANT_HOMOLOG,43.5,41.7,P83449|Cytoplasmic|negative,DISTANT_HOMOLOG,46.0,32.9,O74547|EUKARYA|NO_SP|1,DISTANT_HOMOLOG,36.7,31.4,P52554|EUKARYA|NO_SP,CLOSE_HOMOLOG,83.4,83.4,T3SE-24|T3SE|A9ZNF2|Escherichia coli|Non-LEE-encoded effector EspJ,NO_MEANINGFUL_MATCH,28.9,18.0,Non-effector-60|Non-effector|-|-|-,no,-,no,no,0,-,no,homolog_only,none
T4SS_01,T4SS,,CagA,P55980,Helicobacter pylori 26695,no,no,IN_TRAINING,100.0,100.0,P55980|Extracellular|negative,DISTANT_HOMOLOG,42.9,35.3,Q3E7B7|EUKARYA|NO_SP|2,DISTANT_HOMOLOG,42.9,35.3,Q3E7B7|EUKARYA|NO_SP,NEAR_IDENTICAL_HOMOLOG,92.0,91.3,T4SE-179|T4SE|YP_002266135.1|Helicobacter pylori|cytotoxin-associated protein A,NO_MEANINGFUL_MATCH,41.2,24.6,Non-effector-72|Non-effector|-|-|-,no,-,no,no,1,deeplocpro,no,direct,none
T4SS_02,T4SS,,Ceg14,Q5ZYD5,Legionella pneumophila Philadelphia 1,no,no,CLOSE_HOMOLOG,58.3,50.0,P0C912|Extracellular|positive,DISTANT_HOMOLOG,39.0,32.9,Q8WUF5|EUKARYA|NO_SP|1,DISTANT_HOMOLOG,39.0,32.9,Q8WUF5|EUKARYA|NO_SP,IN_TRAINING,100.0,100.0,T4SE-65|T4SE|YP_094481.1|Legionella pneumophila|unnamed protein product,NO_MEANINGFUL_MATCH,37.9,19.3,Non-effector-72|Non-effector|-|-|-,no,-,no,no,1,deepsece_train,no,direct,none
T4SS_05,T4SS,,VirE3,A0A2Z2PK47,Agrobacterium fabrum str. C58,no,no,DISTANT_HOMOLOG,80.0,44.4,P84711|Extracellular|positive,DISTANT_HOMOLOG,55.6,33.3,A0A1W6EVN4|EUKARYA|SP|1,DISTANT_HOMOLOG,55.6,33.3,A0A1W6EVN4|EUKARYA|SP,IN_TRAINING,100.0,100.0,T4SE-8|T4SE|NP_396511.1|Agrobacterium tumefaciens|virA/G regulated protein,NO_MEANINGFUL_MATCH,27.1,22.6,T3SE-8|T3SE|A0A0H2ZEX1|Pseudomonas aeruginosa|Uncharacterized protein,no,-,no,no,1,deepsece_train,no,direct,none
T4SS_07,T4SS,,BepA,Q6G2A9,Bartonella henselae Houston-1,no,no,DISTANT_HOMOLOG,63.6,46.7,B3EWP7|Extracellular|positive,DISTANT_HOMOLOG,47.5,45.2,P0CY15|EUKARYA|NO_SP|1,DISTANT_HOMOLOG,47.5,45.2,P0CY15|EUKARYA|NO_SP,DISTANT_HOMOLOG,46.4,43.6,T4SE-387|T4SE|YP_002972376.1|Bartonella grahamii|BepI protein,CLOSE_HOMOLOG,63.8,63.8,T4SE-19|T4SE|CAK02014.1|Bartonella tribocorum|BepA protein,no,-,no,no,0,-,no,none,none
T4SS_08,T4SS,,BtpB,Q2YN91,Brucella abortus 2308,no,no,DISTANT_HOMOLOG,55.6,45.5,C0HL60|Extracellular|positive,DISTANT_HOMOLOG,40.4,32.9,A8DYP0|EUKARYA|NO_SP|1,DISTANT_HOMOLOG,40.4,32.9,A8DYP0|EUKARYA|NO_SP,NEAR_IDENTICAL_HOMOLOG,99.6,99.6,T4SE-496|T4SE|AAX74124.1|Brucella abortus|hypothetical protein BruAb1_0752,NO_MEANINGFUL_MATCH,26.8,14.4,Non-effector-16|Non-effector|-|-|-,no,-,no,no,0,-,no,homolog_only,none
T4SS_09,T4SS,,VceC,Q2YQ34,Brucella abortus 2308,no,no,DISTANT_HOMOLOG,57.1,44.4,P84711|Extracellular|positive,DISTANT_HOMOLOG,45.0,38.6,P46938|EUKARYA|NO_SP|0,DISTANT_HOMOLOG,45.0,38.6,P46938|EUKARYA|NO_SP,IN_TRAINING,100.0,100.0,T4SE-167|T4SE|YP_414462.1|Brucella melitensis|hypothetical protein BAB1_1058,NO_MEANINGFUL_MATCH,23.1,18.0,Non-effector-137|Non-effector|-|-|-,no,-,no,no,1,deepsece_train,no,direct,none
T4SS_10,T4SS,,Ats-1,Q2GJL5,Anaplasma phagocytophilum HZ,no,no,DISTANT_HOMOLOG,50.0,44.4,P83222|Extracellular|positive,DISTANT_HOMOLOG,37.1,32.9,Q9XXK1|EUKARYA|NO_SP|0,DISTANT_HOMOLOG,38.5,35.7,Q9LJ97|EUKARYA|NO_SP,NO_MEANINGFUL_MATCH,34.4,24.1,Non-effector-735|Non-effector|-|-|-,IN_TRAINING,100.0,100.0,T4SE-22|T4SE|ACN39579.1|Anaplasma phagocytophilum|Ats-1,no,-,no,no,0,-,yes,none,none
T4SS_11,T4SS,,Etf-1,Q2GG12,Ehrlichia chaffeensis Arkansas,no,no,DISTANT_HOMOLOG,45.5,41.7,P84709|Extracellular|positive,DISTANT_HOMOLOG,40.4,32.9,P53769|EUKARYA|NO_SP|2,DISTANT_HOMOLOG,41.8,32.9,E9PZM4|EUKARYA|NO_SP,IN_TRAINING,100.0,100.0,T4SE-173|T4SE|YP_507621.1|Ehrlichia chaffeensis|hypothetical protein ECH_0825,NO_MEANINGFUL_MATCH,31.5,24.3,T3SE-8|T3SE|A0A0H2ZEX1|Pseudomonas aeruginosa|Uncharacterized protein,no,-,no,no,1,deepsece_train,no,direct,none
T5SS_01,T5SS,T5aSS,espP,Q7BSW5,Escherichia coli O157:H7 str. Sakai,self,yes,NEAR_IDENTICAL_HOMOLOG,99.9,99.9,O32591|Extracellular|negative,IN_TRAINING,100.0,100.0,Q7BSW5|NEGATIVE|SP|1,IN_TRAINING,100.0,100.0,Q7BSW5|NEGATIVE|SP,NO_MEANINGFUL_MATCH,30.7,25.3,Non-effector-76|Non-effector|-|-|-,NO_MEANINGFUL_MATCH,36.2,28.0,T1SE-15|T1SE|P62530|Escherichia coli|Microcin H47,yes,T5aSS_PF03797,no,yes,1,signalp6,no,direct,protein_is_a_modelled_component
T5SS_02,T5SS,T5aSS,flu,P39180,Escherichia coli K-12 MG1655,self,yes,IN_TRAINING,100.0,100.0,P39180|Periplasmic|negative,IN_TRAINING,100.0,100.0,P39180|NEGATIVE|SP|1,IN_TRAINING,100.0,100.0,P39180|NEGATIVE|SP,NO_MEANINGFUL_MATCH,29.9,28.8,T3SE-197|T3SE|Q01099|Erwinia amylovora|Harpin HrpN,NO_MEANINGFUL_MATCH,26.7,19.4,T1SE-9|T1SE|P22522|Escherichia coli|Colicin-V,yes,T5aSS_PF03797,no,yes,2,deeplocpro;signalp6,no,direct,protein_is_a_modelled_component
T5SS_03,T5SS,T5aSS,iga,Q9K0B4,Neisseria meningitidis MC58,self,yes,CLOSE_HOMOLOG,51.4,50.1,P42782|Extracellular|negative,DISTANT_HOMOLOG,45.6,37.1,Q8N196|EUKARYA|NO_SP|0,DISTANT_HOMOLOG,45.6,37.1,Q8N196|EUKARYA|NO_SP,DISTANT_HOMOLOG,35.9,30.8,Non-effector-614|Non-effector|-|-|-,NO_MEANINGFUL_MATCH,27.1,23.6,Non-effector-32|Non-effector|-|-|-,yes,T5aSS_PF03797,no,no,0,-,no,homolog_only,protein_is_a_modelled_component
T5SS_04,T5SS,T5aSS,pic,Q7BS42,Escherichia coli O44:H18 str. 042 (EAEC),self,yes,IN_TRAINING,100.0,100.0,Q7BS42|Extracellular|negative,IN_TRAINING,100.0,100.0,Q7BS42|NEGATIVE|SP|1,IN_TRAINING,100.0,100.0,Q7BS42|NEGATIVE|SP,DISTANT_HOMOLOG,36.6,30.6,Non-effector-510|Non-effector|-|-|-,NO_MEANINGFUL_MATCH,38.6,22.1,T4SE-9|T4SE|NP_819031.1|Coxiella burnetii|hypothetical protein CBUA0014,yes,T5aSS_PF03797,no,yes,2,deeplocpro;signalp6,no,direct,protein_is_a_modelled_component
T5SS_05,T5SS,T5aSS,sat,Q8FDW4,Escherichia coli O6:H1 str. CFT073 (UPEC),self,yes,CLOSE_HOMOLOG,64.8,64.2,O68900|Extracellular|negative,IN_TRAINING,100.0,100.0,Q8FDW4|NEGATIVE|SP|1,IN_TRAINING,100.0,100.0,Q8FDW4|NEGATIVE|SP,DISTANT_HOMOLOG,33.0,30.4,T1SE-127|T1SE|Q9PGN6|Xylella fastidiosa|Colicin V,NO_MEANINGFUL_MATCH,26.5,21.7,T1SE-11|T1SE|P35827|Campylobacter fetus|S-layer protein,yes,T5aSS_PF03797,no,yes,1,signalp6,no,direct,protein_is_a_modelled_component
T5SS_06,T5SS,T5bSS,bcpA,Q2SV12,Burkholderia thailandensis E264,yes,no,CLOSE_HOMOLOG,75.0,75.0,P84703|Extracellular|negative,DISTANT_HOMOLOG,38.5,35.7,Q86XP1|EUKARYA|NO_SP|0,DISTANT_HOMOLOG,49.1,40.0,P9WK61|POSITIVE|LIPO,NO_MEANINGFUL_MATCH,32.1,28.6,Non-effector-1536|Non-effector|-|-|-,DISTANT_HOMOLOG,40.3,38.7,T1SE-15|T1SE|P62530|Escherichia coli|Microcin H47,no,-,no,no,0,-,no,homolog_only,none
T5SS_07,T5SS,T5bSS,cdiA,Q0T963,Escherichia coli UPEC 536,yes,no,IN_TRAINING,100.0,100.0,Q0T963|Extracellular|negative,DISTANT_HOMOLOG,48.1,37.1,Q8N196|EUKARYA|NO_SP|0,DISTANT_HOMOLOG,48.1,37.1,Q8N196|EUKARYA|NO_SP,NO_MEANINGFUL_MATCH,35.8,29.0,T3SE-57|T3SE|K4XZX3|Escherichia coli|T3SS effector EspZ,NO_MEANINGFUL_MATCH,32.7,22.7,T1SE-15|T1SE|P62530|Escherichia coli|Microcin H47,no,-,no,yes,1,deeplocpro,no,direct,its_system_was_a_validation_case
T5SS_08,T5SS,T5bSS,cdrA,Q9HVG6,Pseudomonas aeruginosa PAO1,yes,yes,IN_TRAINING,100.0,100.0,Q9HVG6|Extracellular|negative,DISTANT_HOMOLOG,53.7,41.4,P35551|EUKARYA|NO_SP|0,DISTANT_HOMOLOG,49.2,41.4,O88941|EUKARYA|NO_SP,NO_MEANINGFUL_MATCH,38.1,28.5,Non-effector-667|Non-effector|-|-|-,NO_MEANINGFUL_MATCH,36.8,28.0,T1SE-15|T1SE|P62530|Escherichia coli|Microcin H47,no,-,yes,yes,1,deeplocpro,no,direct,its_system_seeded_the_profiles
T5SS_09,T5SS,T5bSS,fhaB,P12255,Bordetella pertussis Tohama I,no,no,IN_TRAINING,100.0,100.0,P12255|OuterMembrane|negative,DISTANT_HOMOLOG,46.8,41.4,P39180|NEGATIVE|SP|1,DISTANT_HOMOLOG,46.8,41.4,P39180|NEGATIVE|SP,IN_TRAINING,100.0,100.0,Non-effector-1520|Non-effector|-|-|-,NO_MEANINGFUL_MATCH,29.7,27.5,T1SE-1|T1SE|P05834|Escherichia coli|Bacteriocin microcin B17,no,-,yes,no,2,deeplocpro;deepsece_train,no,direct,its_system_seeded_the_profiles
T5SS_10,T5SS,T5bSS,hmw1A,Q48031,Haemophilus influenzae R2846 (strain 12),yes,yes,CLOSE_HOMOLOG,71.4,62.5,P84703|Extracellular|negative,DISTANT_HOMOLOG,45.5,35.7,O68900|NEGATIVE|SP|1,DISTANT_HOMOLOG,45.5,35.7,O68900|NEGATIVE|SP,NO_MEANINGFUL_MATCH,38.3,29.9,T3SE-51|T3SE|C4PL72|Bradyrhizobium elkanii|NopA protein,DISTANT_HOMOLOG,41.1,30.7,T1SE-15|T1SE|P62530|Escherichia coli|Microcin H47,no,-,no,no,0,-,no,homolog_only,none
T5SS_11,T5SS,T5bSS,hpmA,B4F0Z9,Proteus mirabilis HI4320,yes,no,NEAR_IDENTICAL_HOMOLOG,98.9,98.9,P16466|OuterMembrane|negative,IN_TRAINING,100.0,100.0,P16466|NEGATIVE|SP|2,IN_TRAINING,100.0,100.0,P16466|NEGATIVE|SP,NO_MEANINGFUL_MATCH,37.7,28.2,T6SE-102|T6SE|D0ZG90|Edwardsiella tarda|EseL,NO_MEANINGFUL_MATCH,30.2,25.5,"T1SE-4|T1SE|P14711|Grimontia hollisae|Hemolysin, heat labile",no,-,no,no,1,signalp6,no,direct,none
T5SS_12,T5SS,T5bSS,hxuA,P44602,Haemophilus influenzae Rd KW20,yes,yes,IN_TRAINING,100.0,100.0,P44602|Extracellular|negative,CLOSE_HOMOLOG,60.9,60.0,P45354|NEGATIVE|SP|1,CLOSE_HOMOLOG,60.9,60.0,P45354|NEGATIVE|SP,DISTANT_HOMOLOG,34.3,32.4,T4SE-186|T4SE|YP_002332980.1|Coxiella burnetii|hypothetical protein CBU_1045a,NO_MEANINGFUL_MATCH,24.6,18.6,Non-effector-2|Non-effector|-|-|-,no,-,no,no,1,deeplocpro,no,direct,none
T5SS_13,T5SS,T5bSS,lspA1,Q7VLE8,Haemophilus ducreyi 35000HP,no,no,CLOSE_HOMOLOG,100.0,50.0,P84703|Extracellular|negative,DISTANT_HOMOLOG,62.5,37.5,A0SPI0|EUKARYA|SP|1,DISTANT_HOMOLOG,62.5,37.5,A0SPI0|EUKARYA|SP,DISTANT_HOMOLOG,40.0,32.7,T4SE-450|T4SE|YP_002333017.1|Coxiella burnetii|hypothetical protein CBU_1634a,NO_MEANINGFUL_MATCH,29.9,25.5,Non-effector-79|Non-effector|-|-|-,no,-,yes,no,0,-,no,homolog_only,its_system_seeded_the_profiles
T5SS_14,T5SS,T5bSS,lspA2,Q9ZHL0,Haemophilus ducreyi 35000HP,yes,no,CLOSE_HOMOLOG,66.7,50.0,P82907|Extracellular|positive,DISTANT_HOMOLOG,37.5,34.3,P09547|EUKARYA|NO_SP|0,DISTANT_HOMOLOG,37.5,34.3,P09547|EUKARYA|NO_SP,DISTANT_HOMOLOG,40.0,32.7,T4SE-450|T4SE|YP_002333017.1|Coxiella burnetii|hypothetical protein CBU_1634a,NO_MEANINGFUL_MATCH,29.9,25.5,Non-effector-79|Non-effector|-|-|-,no,-,yes,no,0,-,no,homolog_only,its_system_seeded_the_profiles
T5SS_15,T5SS,T5bSS,shlA,P15320,Serratia marcescens subsp. marcescens Db11,yes,no,IN_TRAINING,100.0,100.0,P15320|OuterMembrane|negative,IN_TRAINING,100.0,100.0,P15320|NEGATIVE|SP|2,IN_TRAINING,100.0,100.0,P15320|NEGATIVE|SP,NO_MEANINGFUL_MATCH,31.2,26.5,T3SE-232|T3SE|Q4ZXP9|Pseudomonas syringae|Type III effector HopJ1,NO_MEANINGFUL_MATCH,30.0,27.3,T4SE-9|T4SE|NP_819031.1|Coxiella burnetii|hypothetical protein CBUA0014,no,-,yes,no,2,deeplocpro;signalp6,no,direct,its_system_seeded_the_profiles
T5SS_16,T5SS,T5cSS,nadA,Q9JXK7,Neisseria meningitidis serogroup B str. MC58,self,yes,IN_TRAINING,100.0,100.0,Q9JXK7|Cellwall|negative,DISTANT_HOMOLOG,36.5,32.9,Q0VDF9|EUKARYA|NO_SP|2,DISTANT_HOMOLOG,42.1,34.3,Q9AD93|POSITIVE|TAT,NO_MEANINGFUL_MATCH,28.2,26.0,T3SE-51|T3SE|C4PL72|Bradyrhizobium elkanii|NopA protein,NO_MEANINGFUL_MATCH,28.4,24.0,Non-effector-141|Non-effector|-|-|-,yes,T5cSS_PF03895,no,no,1,deeplocpro,no,direct,protein_is_a_modelled_component
T5SS_17,T5SS,T5cSS,yadA,A1JUB7,Yersinia enterocolitica subsp. enterocolitica 8081,self,yes,IN_TRAINING,100.0,100.0,A1JUB7|Cellwall|negative,DISTANT_HOMOLOG,38.3,37.1,P19407|EUKARYA|NO_SP|1,DISTANT_HOMOLOG,38.3,37.1,P19407|EUKARYA|NO_SP,NO_MEANINGFUL_MATCH,33.3,27.8,T4SE-395|T4SE|ABQ56040.1|Legionella pneumophila|hypothetical protein LPC_2110,NO_MEANINGFUL_MATCH,35.2,25.3,T1SE-15|T1SE|P62530|Escherichia coli|Microcin H47,yes,T5cSS_PF03895,no,no,1,deeplocpro,no,direct,protein_is_a_modelled_component
T6SS_01,T6SS,,TseL,Q9KS43,Vibrio cholerae N16961,yes,yes,IN_TRAINING,100.0,100.0,Q9KS43|Extracellular|negative,DISTANT_HOMOLOG,43.8,30.0,Q149B8|EUKARYA|NO_SP|1,NO_MEANINGFUL_MATCH,40.8,28.6,Q9UTM0|EUKARYA|NO_SP,IN_TRAINING,100.0,100.0,T6SE-66|T6SE|TSEL|Vibrio cholerae|TseL (Tle2); lipase,NO_MEANINGFUL_MATCH,29.6,19.9,Non-effector-107|Non-effector|-|-|-,no,-,yes,no,2,deeplocpro;deepsece_train,no,direct,its_system_seeded_the_profiles
T6SS_02,T6SS,,VasX,Q9KNE5,Vibrio cholerae N16961,no,no,IN_TRAINING,100.0,100.0,Q9KNE5|Extracellular|negative,DISTANT_HOMOLOG,38.5,35.7,Q1RGK9|NEGATIVE|LIPO|1,DISTANT_HOMOLOG,38.5,35.7,Q1RGK9|NEGATIVE|LIPO,IN_TRAINING,100.0,100.0,T6SE-79|T6SE|VASX|Vibrio cholerae|VasX protein; Membrane Pore Forming; bacterial colicin-like,NO_MEANINGFUL_MATCH,29.4,20.5,Non-effector-107|Non-effector|-|-|-,no,-,yes,no,2,deeplocpro;deepsece_train,no,direct,its_system_seeded_the_profiles
T6SS_03,T6SS,,TseH,Q9KMN9,Vibrio cholerae N16961,no,no,DISTANT_HOMOLOG,55.6,41.7,P84709|Extracellular|positive,NO_MEANINGFUL_MATCH,34.5,28.6,Q9FVE6|EUKARYA|NO_SP|2,NO_MEANINGFUL_MATCH,38.5,28.6,O74563|EUKARYA|NO_SP,IN_TRAINING,100.0,100.0,T6SE-19|T6SE|Q9KMN9|Vibrio cholerae|TseH,NO_MEANINGFUL_MATCH,34.2,19.7,Non-effector-138|Non-effector|-|-|-,no,-,yes,no,1,deepsece_train,no,direct,its_system_seeded_the_profiles
T6SS_04,T6SS,,VgrG-3,Q9KN42,Vibrio cholerae N16961,yes,no,IN_TRAINING,100.0,100.0,Q9KN42|Extracellular|negative,DISTANT_HOMOLOG,38.1,34.3,P20936|EUKARYA|NO_SP|0,DISTANT_HOMOLOG,38.1,34.3,P20936|EUKARYA|NO_SP,IN_TRAINING,100.0,100.0,T6SE-60|T6SE|VGRG3|Vibrio cholerae|Vgr family protein; Muramidase,NO_MEANINGFUL_MATCH,35.2,28.8,Non-effector-138|Non-effector|-|-|-,yes,T6SSi_tssI,yes,no,2,deeplocpro;deepsece_train,no,direct,protein_is_a_modelled_component
T6SS_05,T6SS,,Tse7,Q9I733,Pseudomonas aeruginosa PAO1,no,no,CLOSE_HOMOLOG,71.4,55.6,P84711|Extracellular|positive,DISTANT_HOMOLOG,40.7,34.3,P02724|EUKARYA|SP|1,DISTANT_HOMOLOG,40.7,34.3,P02724|EUKARYA|SP,IN_TRAINING,100.0,100.0,"T6SE-33|T6SE|TSE7|Pseudomonas aeruginosa|Tse7, DNAase",NO_MEANINGFUL_MATCH,24.5,17.3,T3SE-1|T3SE|AAL21748.1|Salmonella enterica|putative cytoplasmic protein,no,-,yes,no,1,deepsece_train,no,direct,its_system_seeded_the_profiles
T6SS_06,T6SS,,TplE_alias_Tle4,Q9I3K2,Pseudomonas aeruginosa PAO1,yes,yes,IN_TRAINING,100.0,100.0,Q9I3K2|Extracellular|negative,DISTANT_HOMOLOG,38.5,35.7,Q99729|EUKARYA|NO_SP|0,DISTANT_HOMOLOG,38.5,35.7,Q99729|EUKARYA|NO_SP,IN_TRAINING,100.0,100.0,T6SE-69|T6SE|Q9I3K2|Pseudomonas aeruginosa|TplE encodes a PGAP1-like domain,NO_MEANINGFUL_MATCH,31.1,19.5,Non-effector-23|Non-effector|-|-|-,no,-,yes,no,2,deeplocpro;deepsece_train,no,direct,its_system_seeded_the_profiles
T6SS_08,T6SS,,Tae_Atu4347,Q7CUP8,Agrobacterium tumefaciens C58,yes,yes,DISTANT_HOMOLOG,66.7,44.4,P86897|Cytoplasmic|positive,DISTANT_HOMOLOG,44.9,31.4,Q8H1F0|EUKARYA|NO_SP|0,DISTANT_HOMOLOG,44.9,31.4,Q8H1F0|EUKARYA|NO_SP,IN_TRAINING,100.0,100.0,T6SE-20|T6SE|Q7CUP8|Agrobacterium fabrum|Tae; amidase,NO_MEANINGFUL_MATCH,29.4,20.0,Non-effector-22|Non-effector|-|-|-,no,-,no,yes,1,deepsece_train,no,direct,its_system_was_a_validation_case
T6SS_09,T6SS,,TseM,Q2T422,Burkholderia thailandensis E264,yes,no,DISTANT_HOMOLOG,42.1,42.1,P84108|Extracellular|negative,DISTANT_HOMOLOG,38.3,32.9,Q6DBQ1|EUKARYA|NO_SP|0,DISTANT_HOMOLOG,38.3,32.9,Q6DBQ1|EUKARYA|NO_SP,IN_TRAINING,100.0,100.0,T6SE-13|T6SE|UPI0000667A01|Burkholderia thailandensis|Mn2+-binding effector TseM,NO_MEANINGFUL_MATCH,31.7,27.0,T3SE-25|T3SE|G7TFJ1|Xanthomonas oryzae|Type III effector protein XopZ1,no,-,no,no,1,deepsece_train,no,direct,none
T6SS_10,T6SS,,Tle1,Q2SV36,Burkholderia thailandensis E264,yes,yes,CLOSE_HOMOLOG,55.6,50.0,P85974|Extracellular|negative,DISTANT_HOMOLOG,50.0,41.4,Q9BQ69|EUKARYA|NO_SP|0,DISTANT_HOMOLOG,50.0,41.4,Q9BQ69|EUKARYA|NO_SP,IN_TRAINING,100.0,100.0,T6SE-72|T6SE|UPI0000668539|Burkholderia thailandensis|Tle1; Lipase,NO_MEANINGFUL_MATCH,41.7,26.7,T1SE-15|T1SE|P62530|Escherichia coli|Microcin H47,no,-,no,no,1,deepsece_train,no,direct,none
T6SS_13,T6SS,,YezP_Zn_binding,-,Yersinia pseudotuberculosis YPIII,yes,no,DISTANT_HOMOLOG,40.0,40.0,P10625|CYtoplasmicMembrane|negative,NO_MEANINGFUL_MATCH,35.7,28.6,Q4U0Y4|EUKARYA|NO_SP|1,NO_MEANINGFUL_MATCH,35.7,28.6,Q4U0Y4|EUKARYA|NO_SP,IN_TRAINING,100.0,100.0,T6SE-101|T6SE|A0A0H3B7J5|Yersinia pseudotuberculosis|Zn2+-binding protein substrate YezP,NO_MEANINGFUL_MATCH,26.7,23.9,T4SE-16|T4SE|AAU28223.1|Legionella pneumophila|Sid related protein-like,no,-,no,no,1,deepsece_train,no,direct,none
T6SS_16,T6SS,,EvpQ_C70_protease,A0AAU8P3V9,Edwardsiella piscicida EIB202,no,no,DISTANT_HOMOLOG,100.0,44.4,P83222|Extracellular|positive,NO_MEANINGFUL_MATCH,50.0,27.1,P53671|EUKARYA|NO_SP|2,NO_MEANINGFUL_MATCH,50.0,27.1,P53671|EUKARYA|NO_SP,NO_MEANINGFUL_MATCH,40.0,27.0,T4SE-186|T4SE|YP_002332980.1|Coxiella burnetii|hypothetical protein CBU_1045a,NO_MEANINGFUL_MATCH,60.0,17.3,Non-effector-44|Non-effector|-|-|-,no,-,no,yes,0,-,no,none,its_system_was_a_validation_case
T6SS_17,T6SS,,Tae4_Stm,A0A0F6AX79,Salmonella enterica Typhimurium 14028,yes,yes,DISTANT_HOMOLOG,57.1,44.4,P84711|Extracellular|positive,NO_MEANINGFUL_MATCH,32.8,28.6,Q84P54|EUKARYA|NO_SP|2,NO_MEANINGFUL_MATCH,36.4,28.6,Q9VMJ7|EUKARYA|NO_SP,IN_TRAINING,100.0,100.0,T6SE-25|T6SE|UPI00000D020F|Salmonella enterica|Tae4_TM,CLOSE_HOMOLOG,54.4,53.4,T6SE-6|T6SE|4HFL|Enterobacter cloacae|Type Vi Effector Tae4,no,-,no,no,1,deepsece_train,no,direct,none
T6SS_18,T6SS,,Tle1_Sci1,B7LG63,Escherichia coli 042,yes,yes,DISTANT_HOMOLOG,50.0,44.4,P83222|Extracellular|positive,DISTANT_HOMOLOG,38.3,32.9,P37584|POSITIVE|NO_SP|1,DISTANT_HOMOLOG,38.3,32.9,P37584|POSITIVE|NO_SP,DISTANT_HOMOLOG,61.1,31.4,T1SE-108|T1SE|P36962|Lactococcus lactis|Bacteriocin lactococcin-G subunit beta,IN_TRAINING,100.0,100.0,T6SE-10|T6SE|D3GUW5|Escherichia coli|Putative type VI secretion protein,no,-,yes,yes,0,-,yes,none,its_system_seeded_the_profiles
